combination,count
CAGC,12471
CCAG,11656
AGAA,10556
GCAG,10256
CAGA,10141
GAAG,9792
AAGA,9582
CCTG,9215
AGCA,8942
AGGA,8629
GGAG,8582
TGGA,8438
CCCA,8414
CTGG,8293
GAAA,8284
ACAG,8167
CAAG,8102
CTCC,8056
CTGC,7920
GCTG,7890
GCCC,7857
CAGG,7788
AGCC,7661
CCTC,7642
GGAA,7582
AAAG,7545
TCCA,7540
TGAA,7439
GCCA,7387
ACCA,7329
GGCC,7265
CACC,7235
GAGG,7148
CCAC,7119
TCAG,7119
AGCT,7101
AGAG,7016
GAGC,6868
GAGA,6802
CCAA,6756
CAGT,6612
GATG,6604
CTTC,6590
AAGG,6501
CAAA,6477
CCCC,6468
CCCT,6461
ATGA,6433
TCCT,6417
CTGA,6361
TGGC,6334
GGCA,6230
AAGC,6141
CTCA,6136
AGAT,6120
ATGG,6098
TGCC,6055
TGCA,6035
AACA,5967
CATC,5955
GCCT,5953
AATG,5869
AAAA,5843
CACA,5803
TCTG,5763
TCCC,5760
TCAA,5736
ACCC,5729
TTCA,5726
GACA,5710
GTGG,5557
GCTC,5541
ACAA,5532
GGGC,5495
GGAC,5471
AGGC,5460
CAAC,5434
ACCT,5426
GACC,5415
GCAA,5408
AGTG,5371
AGAC,5342
AAAT,5338
ATCA,5215
GGGA,5204
CTGT,5195
CATG,5131
CCAT,5123
AAAC,5082
TGCT,5072
TTCC,5028
GAAC,4990
TGGG,4968
GGCT,4934
TGAG,4933
CTCT,4862
AACC,4846
CGGC,4821
ACTG,4806
GGTG,4789
AAGT,4784
GCAC,4757
GAAT,4686
CCTT,4677
TTCT,4597
TCTC,4544
GTCC,4538
GTGA,4534
CCCG,4471
CGCC,4466
TGAC,4446
AGGG,4417
ATCC,4410
TGAT,4389
GCCG,4317
CCGG,4309
AGTC,4286
AACT,4248
TGTG,4238
TCAC,4236
GCGG,4227
TCAT,4217
GTCA,4187
CCGC,4161
TTTG,4137
CACT,4118
ACAT,4117
TGTC,4098
GTGC,4071
ATGC,4067
ACTC,4000
GACT,3983
TCTT,3979
AGTT,3898
AGGT,3873
CGAG,3818
TGGT,3811
CTAC,3808
ATGT,3790
TACA,3790
GGCG,3729
TTGA,3720
GGAT,3712
ATCT,3694
AGCG,3677
CGGG,3663
ACTT,3650
GAGT,3639
GATC,3607
ACAC,3606
CTTT,3589
TTGG,3569
CATT,3568
ATTC,3549
GGGG,3535
GCTT,3466
CTTG,3455
GTTC,3413
GTCT,3411
CAAT,3400
AATC,3346
AATT,3342
GCGC,3314
ATTT,3290
TTTC,3285
GCAT,3237
TGTT,3232
TACC,3225
TAAA,3203
CCGA,3132
TTGC,3107
CGGA,3083
GGTC,3053
AGTA,2962
ATTG,2905
AATA,2898
GATT,2851
TATG,2812
GTTT,2773
CCTA,2676
GCTA,2624
TAGA,2623
TACT,2593
CGCT,2591
GACG,2572
GTAC,2566
CTCG,2564
ATAA,2557
GTGT,2538
CGCA,2522
CTAT,2521
TTGT,2521
ACGA,2499
ACTA,2492
TCCG,2460
CGAC,2443
CACG,2428
TTAC,2407
GTTG,2395
TTAA,2359
GGGT,2352
ATTA,2349
ACGG,2341
TCTA,2339
TATT,2337
TGTA,2328
GATA,2324
ATAT,2311
TTTT,2262
ACCG,2252
TTTA,2231
TTAT,2225
GCGA,2196
TCGG,2179
TATC,2178
CGTG,2144
TGCG,2092
CGTC,2060
CGAA,2056
GGTT,2056
TAAT,2054
AACG,2047
ACGC,2016
CATA,2013
CTTA,1988
CTAA,1977
ATAC,1966
ATAG,1882
CCGT,1869
TCGC,1849
CGCG,1828
CTAG,1826
TCGA,1805
GTTA,1793
ATCG,1751
GTAT,1728
GTAG,1650
TAGC,1640
TAAG,1628
GTAA,1603
TAAC,1597
TTCG,1592
GGTA,1565
TATA,1536
TAGT,1507
CGGT,1485
TCGT,1459
GCGT,1450
TTAG,1373
GTCG,1339
CGAT,1333
ACGT,1330
CGTT,1191
TACG,1132
TAGG,968
CGTA,690
